pmA3InterFBestCellEvalReport,
pmA3InterFBestCellEvalReportRsrp,
pmA3InterFBestCellEvalReportUl,
pmA5BestCellEvalReport,
pmA5BestCellEvalReportRsrp,
pmA5BestCellEvalReportUl,
pmAccessClassBarringEm,
pmActiveDrbDlSum,
pmActiveDrbUlSum,
pmActiveUeDlMax,
pmActiveUeDlSum,
pmActiveUeDrbSamp,
pmActiveUeUlMax,
pmActiveUeUlSum,
pmAdjustAccessDynLoadCtrl,
pmAdjustAccessMpLoadCtrl,
pmAnrCandNrelCgiAdd,
pmAnrCandNrelRem,
pmAnrCandNrelX2Add,
pmAnrHoSuccLevelLow,
pmAnrHoSuccLevelMedium,
pmAnrNeighbrelAdd,
pmAnrNeighbrelRem,
pmB2BestCellEvalReport,
pmB2BestCellEvalReportRsrp,
pmB2BestCellEvalReportUl,
pmBadCovEvalReport,
pmBadCovOutSearchEvalReport,
pmBadCovOutSearchEvalReportRsrp,
pmBadCovSearchEvalReport,
pmBadCovSearchEvalReportRsrp,
pmBadCovSearchEvalReportUl,
pmBbUeMeasAllocAtt,
pmBbUeMeasAllocSucc,
pmBestCellEvalReport,
pmCaCapableDlSamp,
pmCaConfiguredDlSamp,
pmCaConfiguredMeasAtt,
pmCaConfiguredMeasSucc,
pmCaConfiguredNoMeasAtt,
pmCaConfiguredNoMeasSucc,
pmCaConfiguredSamp,
pmCaDeconfigured,
pmCaDeconfiguredLostCoverage,
pmCaDeconfiguredSCellChange,
pmCaDeconfiguredSamp,
pmCellAdmControlPdcchRej,
pmCellAdmControlPdcchRejMeas,
pmCellDownLockAuto,
pmCellDownLockMan,
pmCellDownUnlockMan,
pmCellDowntimeAuto,
pmCellDowntimeMan,
pmCellHoExeAttLteInterF,
pmCellHoExeAttLteInterFCsg,
pmCellHoExeAttLteInterFHybridCsg,
pmCellHoExeAttLteInterFMbms,
pmCellHoExeAttLteInterFUeMeas,
pmCellHoExeAttLteInterFUeMeasRsrp,
pmCellHoExeAttLteInterFUl,
pmCellHoExeAttLteIntraF,
pmCellHoExeAttLteIntraFAfterResync,
pmCellHoExeAttLteIntraFCsg,
pmCellHoExeAttLteIntraFHybridCsg,
pmCellHoExeAttLteIntraFTuneOut,
pmCellHoExeSuccLteInterF,
pmCellHoExeSuccLteInterFCsg,
pmCellHoExeSuccLteInterFHybridCsg,
pmCellHoExeSuccLteInterFMbms,
pmCellHoExeSuccLteInterFUeMeas,
pmCellHoExeSuccLteInterFUeMeasRsrp,
pmCellHoExeSuccLteInterFUl,
pmCellHoExeSuccLteIntraF,
pmCellHoExeSuccLteIntraFAfterResync,
pmCellHoExeSuccLteIntraFCsg,
pmCellHoExeSuccLteIntraFHybridCsg,
pmCellHoExeSuccLteIntraFTuneOut,
pmCellHoPrepAttLowCovUe,
pmCellHoPrepAttLteInterF,
pmCellHoPrepAttLteInterFCsg,
pmCellHoPrepAttLteInterFHybridCsg,
pmCellHoPrepAttLteInterFMbms,
pmCellHoPrepAttLteInterFUl,
pmCellHoPrepAttLteIntraF,
pmCellHoPrepAttLteIntraFCsg,
pmCellHoPrepAttLteIntraFHybridCsg,
pmCellHoPrepSuccLowCovUe,
pmCellHoPrepSuccLteInterF,
pmCellHoPrepSuccLteInterFCsg,
pmCellHoPrepSuccLteInterFHybridCsg,
pmCellHoPrepSuccLteInterFMbms,
pmCellHoPrepSuccLteInterFUl,
pmCellHoPrepSuccLteIntraF,
pmCellHoPrepSuccLteIntraFCsg,
pmCellHoPrepSuccLteIntraFHybridCsg,
pmCellSleepTime,
pmConfigRejDlComp,
pmConfirmedUeRelReqPft,
pmContDl,
pmContDlCapLic,
pmContDlHw,
pmContDlPdcch,
pmContUl,
pmContUlCapLic,
pmContUlHw,
pmContUlPdcch,
pmCovGoodZoneSamp,
pmCovGoodZoneSum,
pmCovSearchZoneSamp,
pmCovSearchZoneSum,
pmCriticalBorderEvalReport,
pmCriticalBorderEvalReportRsrp,
pmCriticalBorderEvalReportUl,
pmCrsIcCapableSamp,
pmCrsIcCapableSum,
pmDlAssigsDetectedHarqNDO,
pmDlAssigsDetectedHarqVolteNDO,
pmDlAssigsTrans,
pmDlAssigsTransNDO,
pmDlAssigsTransPCell,
pmDlAssigsTransSCell,
pmDlAssigsTransVolte,
pmDlAssigsTransVolteNDO,
pmDlAssigsWithDetectedHarqAck,
pmDlAssigsWithDetectedHarqAckPCell,
pmDlAssigsWithDetectedHarqAckSCell,
pmDlAssigsWithDetectedHarqAckVolte,
pmDlAssigsWithUnknownReception,
pmDlAssigsWithUnknownReceptionPCell,
pmDlAssigsWithUnknownReceptionSCell,
pmDlAssigsWithUnknownReceptionVolte,
pmDrxCommandPft,
pmDrxSleepTime,
pmDrxSleepTimePft,
pmDrxTotalTime,
pmDrxTotalTimePft,
pmDsdReqPft,
pmDtdReqPft,
pmElcPdcchBlankedTti,
pmElcPdschBlankedTti,
pmErabAdmissionAttArp0,
pmErabAdmissionAttArp1,
pmErabAdmissionAttArp10,
pmErabAdmissionAttArp11,
pmErabAdmissionAttArp12,
pmErabAdmissionAttArp13,
pmErabAdmissionAttArp14,
pmErabAdmissionAttArp15,
pmErabAdmissionAttArp2,
pmErabAdmissionAttArp3,
pmErabAdmissionAttArp4,
pmErabAdmissionAttArp5,
pmErabAdmissionAttArp6,
pmErabAdmissionAttArp7,
pmErabAdmissionAttArp8,
pmErabAdmissionAttArp9,
pmErabAdmissionSuccArp0,
pmErabAdmissionSuccArp1,
pmErabAdmissionSuccArp10,
pmErabAdmissionSuccArp11,
pmErabAdmissionSuccArp12,
pmErabAdmissionSuccArp13,
pmErabAdmissionSuccArp14,
pmErabAdmissionSuccArp15,
pmErabAdmissionSuccArp2,
pmErabAdmissionSuccArp3,
pmErabAdmissionSuccArp4,
pmErabAdmissionSuccArp5,
pmErabAdmissionSuccArp6,
pmErabAdmissionSuccArp7,
pmErabAdmissionSuccArp8,
pmErabAdmissionSuccArp9,
pmErabEstabAttAdded,
pmErabEstabAttAddedHoOngoing,
pmErabEstabAttAddedPa,
pmErabEstabAttGbr,
pmErabEstabAttInit,
pmErabEstabAttInitPa,
pmErabEstabFailAddedHoOngoing,
pmErabEstabFailAddedLic,
pmErabEstabFailGbrDlCell,
pmErabEstabFailGbrDlEnb,
pmErabEstabFailGbrUlCell,
pmErabEstabFailGbrUlEnb,
pmErabEstabFailInitLic,
pmErabEstabSuccAdded,
pmErabEstabSuccAddedPa,
pmErabEstabSuccGbr,
pmErabEstabSuccInit,
pmErabEstabSuccInitPa,
pmErabLevSamp,
pmErabLevSum,
pmErabMax,
pmErabModFailLic,
pmErabRelAbnormalEnb,
pmErabRelAbnormalEnbAct,
pmErabRelAbnormalEnbActCdt,
pmErabRelAbnormalEnbActCdtAuto,
pmErabRelAbnormalEnbActCdtAutoPnr,
pmErabRelAbnormalEnbActHo,
pmErabRelAbnormalEnbActHoOos,
pmErabRelAbnormalEnbActHoOosPft,
pmErabRelAbnormalEnbActHpr,
pmErabRelAbnormalEnbActHprOos,
pmErabRelAbnormalEnbActHprOosPft,
pmErabRelAbnormalEnbActOos,
pmErabRelAbnormalEnbActOosPft,
pmErabRelAbnormalEnbActPe,
pmErabRelAbnormalEnbActTnFail,
pmErabRelAbnormalEnbActUeLost,
pmErabRelAbnormalEnbActUeLostOos,
pmErabRelAbnormalEnbActUeLostOosPft,
pmErabRelAbnormalEnbCdt,
pmErabRelAbnormalEnbCdtAuto,
pmErabRelAbnormalEnbCdtAutoPnr,
pmErabRelAbnormalEnbExtIat,
pmErabRelAbnormalEnbHo,
pmErabRelAbnormalEnbHoOos,
pmErabRelAbnormalEnbHoOosPft,
pmErabRelAbnormalEnbHpr,
pmErabRelAbnormalEnbHprOos,
pmErabRelAbnormalEnbHprOosPft,
pmErabRelAbnormalEnbLic,
pmErabRelAbnormalEnbOos,
pmErabRelAbnormalEnbOosPft,
pmErabRelAbnormalEnbPe,
pmErabRelAbnormalEnbSir,
pmErabRelAbnormalEnbTnFail,
pmErabRelAbnormalEnbUeLost,
pmErabRelAbnormalEnbUeLostOos,
pmErabRelAbnormalEnbUeLostOosPft,
pmErabRelAbnormalMme,
pmErabRelAbnormalMmeAct,
pmErabRelAbnormalMmeExtIat,
pmErabRelMme,
pmErabRelMmeAct,
pmErabRelMmeActEutra,
pmErabRelMmeActHo,
pmErabRelMmeActUnspecified,
pmErabRelMmeActUserInactivity,
pmErabRelMmeCellUnavail,
pmErabRelMmeHo,
pmErabRelNormalEnb,
pmErabRelNormalEnbAct,
pmErabRelNormalEnbUserInactivity,
pmErabRelNormalMme,
pmErabResumeArpLow,
pmFastPucchAssignPft,
pmGoodCovSearchEvalReport,
pmGoodCovSearchEvalReportRsrp,
pmGoodCovSearchEvalReportUl,
pmHoPrepOutS1RejInvalidInterFCsg,
pmHoPrepOutS1RejInvalidInterFHybridCsg,
pmHoPrepOutS1RejInvalidIntraFCsg,
pmHoPrepOutS1RejInvalidIntraFHybridCsg,
pmHoPrepRejInBearerAdmissionRej,
pmHoPrepRejInCellIntensDLC,
pmHoPrepRejInCellIntensStat,
pmHoPrepRejInCellIntensSwC,
pmHoPrepRejInCellLatency,
pmHoPrepRejInDlOnlyCell,
pmHoPrepRejInDuIntens,
pmHoPrepRejInDuSwC,
pmHoPrepRejInDynUeAdmCtrl,
pmHoPrepRejInHighLoad,
pmHoPrepRejInHighLoadLong,
pmHoPrepRejInLicConnUsers,
pmHoPrepRejInLicLowCovUe,
pmHoPrepRejInLicMob,
pmHoPrepRejInLicMultiErab,
pmHoPrepRejInLicRlcUm,
pmHoPrepRejInMISigQCong,
pmHoPrepRejInMpOverload,
pmHoPrepRejInOffloadAdmission,
pmHoPrepRejInOverload,
pmHoPrepRejInSl,
pmHoPrepRejInUlThres,
pmHoPrepRejInUlThresCaRedirect,
pmHoPreventedNotInPlmnWL,
pmHoPreventedProblematicCell,
pmIdleModeRelDistrHighLoad,
pmIdleModeRelDistrLowLoad,
pmIdleModeRelDistrLowMediumLoad,
pmIdleModeRelDistrMediumHighLoad,
pmIdleModeRelDistrMediumLoad,
pmInSyncTimePft,
pmInactiveUeRelInHighLoad,
pmInvalidPftMsg,
pmInvalidPftNum,
pmLbEvalExpiredUe,
pmLbSubRatioSamp,
pmLbSubRatioSum,
pmLongDrxCommandPft,
pmMacCellThpTimeDl,
pmMacCellThpTimeUl,
pmMacDelayTimeDl,
pmMacHarqDlAck,
pmMacHarqDlAck16qam,
pmMacHarqDlAck256qam,
pmMacHarqDlAck64qam,
pmMacHarqDlAckComp,
pmMacHarqDlAckQpsk,
pmMacHarqDlDtx,
pmMacHarqDlDtx16qam,
pmMacHarqDlDtx256qam,
pmMacHarqDlDtx64qam,
pmMacHarqDlDtxQpsk,
pmMacHarqDlNack,
pmMacHarqDlNack16qam,
pmMacHarqDlNack256qam,
pmMacHarqDlNack64qam,
pmMacHarqDlNackComp,
pmMacHarqDlNackQpsk,
pmMacHarqFail,
pmMacHarqUlAck,
pmMacHarqUlDtx,
pmMacHarqUlDtx16qam,
pmMacHarqUlDtx64Qam,
pmMacHarqUlDtxQpsk,
pmMacHarqUlFail16qam,
pmMacHarqUlFail64Qam,
pmMacHarqUlFailQpsk,
pmMacHarqUlNack,
pmMacHarqUlSucc16qam,
pmMacHarqUlSucc64Qam,
pmMacHarqUlSuccQpsk,
pmMacLatTimeQciDlDrxNoSyncSamp,
pmMacLatTimeQciDlDrxNoSyncSum,
pmMacLatTimeQciDlDrxSyncSamp,
pmMacLatTimeQciDlDrxSyncSum,
pmMacLatTimeQciDlNoDrxSyncSamp,
pmMacLatTimeQciDlNoDrxSyncSum,
pmMacLatTimeQciDlSamp,
pmMacLatTimeQciDlSum,
pmMacUeThpTimeDl,
pmMacUeThpTimeUl,
pmMacUeThpVolDl,
pmMacUeThpVolUl,
pmMacVolDl,
pmMacVolUl,
pmMeasGapFailLicInterFOtdoa,
pmMeasMissingNeighRel,
pmMeasRep,
pmMeasRepDiscDlComp,
pmMeasRepDlComp,
pmMimoSleepOppTime,
pmMimoSleepTime,
pmNasTransferAttAbortDlSrb2,
pmNasTransferAttDlSrb2,
pmNasTransferSuccDlSrb2,
pmOocNewDataUlGrants,
pmOocStateEntries,
pmOocStateExits,
pmOocStateExitsUeRel,
pmOocUesLevSum,
pmOutOfSyncTimePft,
pmPagDiscarded,
pmPagReceived,
pmPdcchCceActivity,
pmPdcchMaxCceAvail,
pmPdcchResyncAtt,
pmPdcchResyncFail,
pmPdcchResyncSucc,
pmPdcchTxAggressive,
pmPdcchTxConservative,
pmPdcpBitrateDlDrbMax,
pmPdcpBitrateDlDrbMin,
pmPdcpBitrateUlDrbMax,
pmPdcpBitrateUlDrbMin,
pmPdcpDelayTimeDl,
pmPdcpLatPktTransDl,
pmPdcpLatPktTransDlDrxNoSync,
pmPdcpLatPktTransDlDrxSync,
pmPdcpLatPktTransDlNoDrxSync,
pmPdcpLatTimeDl,
pmPdcpLatTimeDlDrxNoSync,
pmPdcpLatTimeDlDrxSync,
pmPdcpLatTimeDlNoDrxSync,
pmPdcpPktDiscDlAqm,
pmPdcpPktDiscDlHo,
pmPdcpPktDiscDlPelr,
pmPdcpPktDiscDlPelrUu,
pmPdcpPktFwdDl,
pmPdcpPktLostUl,
pmPdcpPktLostUlLimitations,
pmPdcpPktPdbUlOkVoip,
pmPdcpPktReceivedDl,
pmPdcpPktReceivedUl,
pmPdcpPktTransDl,
pmPdcpVolDlDrb,
pmPdcpVolDlDrbCa,
pmPdcpVolDlDrbLastTTI,
pmPdcpVolDlDrbLastTTICa,
pmPdcpVolDlDrbTrans,
pmPdcpVolDlDrbTransPlmn0,
pmPdcpVolDlDrbTransPlmn1,
pmPdcpVolDlDrbTransPlmn2,
pmPdcpVolDlDrbTransPlmn3,
pmPdcpVolDlDrbTransPlmn4,
pmPdcpVolDlDrbTransPlmn5,
pmPdcpVolDlDrbTransPlmn6,
pmPdcpVolDlDrbTransUm,
pmPdcpVolDlSrb,
pmPdcpVolDlSrbTrans,
pmPdcpVolUlDrb,
pmPdcpVolUlDrbLastTTI,
pmPdcpVolUlDrbPlmn0,
pmPdcpVolUlDrbPlmn1,
pmPdcpVolUlDrbPlmn2,
pmPdcpVolUlDrbPlmn3,
pmPdcpVolUlDrbPlmn4,
pmPdcpVolUlDrbPlmn5,
pmPdcpVolUlDrbPlmn6,
pmPdcpVolUlSrb,
pmPftEstablishedSession,
pmPrbAvailDl,
pmPrbAvailDlMbms,
pmPrbAvailUl,
pmPrbUsedDl,
pmPrbUsedDlAilgHighPrio,
pmPrbUsedDlAilgTot,
pmPrbUsedDlBcch,
pmPrbUsedDlCcch,
pmPrbUsedDlDtch,
pmPrbUsedDlFirstTrans,
pmPrbUsedDlMax,
pmPrbUsedDlMbms,
pmPrbUsedDlPcch,
pmPrbUsedDlReTrans,
pmPrbUsedDlSamp,
pmPrbUsedDlSrb,
pmPrbUsedDlSrbFirstTrans,
pmPrbUsedDlSum,
pmPrbUsedUl,
pmPrbUsedUlAilgTot,
pmPrbUsedUlCcch,
pmPrbUsedUlDtch,
pmPrbUsedUlMax,
pmPrbUsedUlSamp,
pmPrbUsedUlSrb,
pmPrbUsedUlSum,
pmPucchCqiResLongUtilCell,
pmPucchCqiResMediumUtilCell,
pmPucchCqiResShortUtilCell,
pmPucchFailSr,
pmPucchSr,
pmPucchSrCqiResAllocAtt,
pmPucchSrCqiResCongCqi,
pmPucchSrCqiResCongSr,
pmPucchSrMax,
pmPucchSrResLongUtilCell,
pmPucchSrResMediumUtilCell,
pmPucchSrResShortUtilCell,
pmPwrBoostAttLowCovUe,
pmPwrBoostSuccLowCovUe,
pmRaAccHarqFailAfterContRes,
pmRaAccHarqFailWithinContRes,
pmRaAllocCfra,
pmRaAttCbra,
pmRaAttCfra,
pmRaContResAndRrcRsp,
pmRaContResOnly,
pmRaFailCbraMsg1DiscOoc,
pmRaFailCbraMsg1DiscSched,
pmRaFailCbraMsg2Disc,
pmRaFailCfraMsg1DiscOoc,
pmRaFailCfraMsg1DiscSched,
pmRaFailCfraMsg2Disc,
pmRaMsg2AttCbra,
pmRaRejHarqFailAfterContRes,
pmRaRejHarqFailWithinContRes,
pmRaSuccCbra,
pmRaSuccCfra,
pmRaSuccSrInSync,
pmRaSuccSrOutOfSync,
pmRaSuccSrOutOfSyncPft,
pmRaUnassignedCfraFalse,
pmRaUnassignedCfraSum,
pmRachNumContentionReport,
pmRadioRecInterferencePwrPrb1,
pmRadioRecInterferencePwrPrb10,
pmRadioRecInterferencePwrPrb100,
pmRadioRecInterferencePwrPrb11,
pmRadioRecInterferencePwrPrb12,
pmRadioRecInterferencePwrPrb13,
pmRadioRecInterferencePwrPrb14,
pmRadioRecInterferencePwrPrb15,
pmRadioRecInterferencePwrPrb16,
pmRadioRecInterferencePwrPrb17,
pmRadioRecInterferencePwrPrb18,
pmRadioRecInterferencePwrPrb19,
pmRadioRecInterferencePwrPrb2,
pmRadioRecInterferencePwrPrb20,
pmRadioRecInterferencePwrPrb21,
pmRadioRecInterferencePwrPrb22,
pmRadioRecInterferencePwrPrb23,
pmRadioRecInterferencePwrPrb24,
pmRadioRecInterferencePwrPrb25,
pmRadioRecInterferencePwrPrb26,
pmRadioRecInterferencePwrPrb27,
pmRadioRecInterferencePwrPrb28,
pmRadioRecInterferencePwrPrb29,
pmRadioRecInterferencePwrPrb3,
pmRadioRecInterferencePwrPrb30,
pmRadioRecInterferencePwrPrb31,
pmRadioRecInterferencePwrPrb32,
pmRadioRecInterferencePwrPrb33,
pmRadioRecInterferencePwrPrb34,
pmRadioRecInterferencePwrPrb35,
pmRadioRecInterferencePwrPrb36,
pmRadioRecInterferencePwrPrb37,
pmRadioRecInterferencePwrPrb38,
pmRadioRecInterferencePwrPrb39,
pmRadioRecInterferencePwrPrb4,
pmRadioRecInterferencePwrPrb40,
pmRadioRecInterferencePwrPrb41,
pmRadioRecInterferencePwrPrb42,
pmRadioRecInterferencePwrPrb43,
pmRadioRecInterferencePwrPrb44,
pmRadioRecInterferencePwrPrb45,
pmRadioRecInterferencePwrPrb46,
pmRadioRecInterferencePwrPrb47,
pmRadioRecInterferencePwrPrb48,
pmRadioRecInterferencePwrPrb49,
pmRadioRecInterferencePwrPrb5,
pmRadioRecInterferencePwrPrb50,
pmRadioRecInterferencePwrPrb51,
pmRadioRecInterferencePwrPrb52,
pmRadioRecInterferencePwrPrb53,
pmRadioRecInterferencePwrPrb54,
pmRadioRecInterferencePwrPrb55,
pmRadioRecInterferencePwrPrb56,
pmRadioRecInterferencePwrPrb57,
pmRadioRecInterferencePwrPrb58,
pmRadioRecInterferencePwrPrb59,
pmRadioRecInterferencePwrPrb6,
pmRadioRecInterferencePwrPrb60,
pmRadioRecInterferencePwrPrb61,
pmRadioRecInterferencePwrPrb62,
pmRadioRecInterferencePwrPrb63,
pmRadioRecInterferencePwrPrb64,
pmRadioRecInterferencePwrPrb65,
pmRadioRecInterferencePwrPrb66,
pmRadioRecInterferencePwrPrb67,
pmRadioRecInterferencePwrPrb68,
pmRadioRecInterferencePwrPrb69,
pmRadioRecInterferencePwrPrb7,
pmRadioRecInterferencePwrPrb70,
pmRadioRecInterferencePwrPrb71,
pmRadioRecInterferencePwrPrb72,
pmRadioRecInterferencePwrPrb73,
pmRadioRecInterferencePwrPrb74,
pmRadioRecInterferencePwrPrb75,
pmRadioRecInterferencePwrPrb76,
pmRadioRecInterferencePwrPrb77,
pmRadioRecInterferencePwrPrb78,
pmRadioRecInterferencePwrPrb79,
pmRadioRecInterferencePwrPrb8,
pmRadioRecInterferencePwrPrb80,
pmRadioRecInterferencePwrPrb81,
pmRadioRecInterferencePwrPrb82,
pmRadioRecInterferencePwrPrb83,
pmRadioRecInterferencePwrPrb84,
pmRadioRecInterferencePwrPrb85,
pmRadioRecInterferencePwrPrb86,
pmRadioRecInterferencePwrPrb87,
pmRadioRecInterferencePwrPrb88,
pmRadioRecInterferencePwrPrb89,
pmRadioRecInterferencePwrPrb9,
pmRadioRecInterferencePwrPrb90,
pmRadioRecInterferencePwrPrb91,
pmRadioRecInterferencePwrPrb92,
pmRadioRecInterferencePwrPrb93,
pmRadioRecInterferencePwrPrb94,
pmRadioRecInterferencePwrPrb95,
pmRadioRecInterferencePwrPrb96,
pmRadioRecInterferencePwrPrb97,
pmRadioRecInterferencePwrPrb98,
pmRadioRecInterferencePwrPrb99,
pmRadioTbsPwrRestricted,
pmRadioTbsPwrUnrestricted,
pmRadioThpResDl,
pmRadioThpResDlSelTbs,
pmRadioThpResUl,
pmRadioThpResUlSelTbs,
pmRadioThpVolDl,
pmRadioThpVolDlSCell,
pmRadioThpVolDlSCellExt,
pmRadioThpVolDlSelTbs,
pmRadioThpVolTxDlSCell,
pmRadioThpVolTxDlSCellExt,
pmRadioThpVolUl,
pmRadioThpVolUlSCell,
pmRadioThpVolUlSelTbs,
pmRadioUeRepCqi2Subband0Sum,
pmRadioUeRepCqi2Subband10Sum,
pmRadioUeRepCqi2Subband11Sum,
pmRadioUeRepCqi2Subband12Sum,
pmRadioUeRepCqi2Subband1Sum,
pmRadioUeRepCqi2Subband2Sum,
pmRadioUeRepCqi2Subband3Sum,
pmRadioUeRepCqi2Subband4Sum,
pmRadioUeRepCqi2Subband5Sum,
pmRadioUeRepCqi2Subband6Sum,
pmRadioUeRepCqi2Subband7Sum,
pmRadioUeRepCqi2Subband8Sum,
pmRadioUeRepCqi2Subband9Sum,
pmRadioUeRepCqi2SubbandSamp,
pmRadioUeRepCqiSubband0Sum,
pmRadioUeRepCqiSubband10Sum,
pmRadioUeRepCqiSubband11Sum,
pmRadioUeRepCqiSubband12Sum,
pmRadioUeRepCqiSubband1Sum,
pmRadioUeRepCqiSubband2Sum,
pmRadioUeRepCqiSubband3Sum,
pmRadioUeRepCqiSubband4Sum,
pmRadioUeRepCqiSubband5Sum,
pmRadioUeRepCqiSubband6Sum,
pmRadioUeRepCqiSubband7Sum,
pmRadioUeRepCqiSubband8Sum,
pmRadioUeRepCqiSubband9Sum,
pmRadioUeRepCqiSubbandSamp,
pmRateShapeTimeUl,
pmRlcArqDlAck,
pmRlcArqDlNack,
pmRlcArqUlAck,
pmRlcArqUlNack,
pmRlcArqVolDlReTrans,
pmRlcArqVolUlNack,
pmRlcArqVolUlReceived,
pmRlcDelayPktTransDl,
pmRlcDelayTimeDl,
pmRlcPollRetxDl,
pmRlcPollRetxUl,
pmRlcVolDl,
pmRlcVolUl,
pmRohcEstabFailCid,
pmRohcEstabFailLic,
pmRohcEstabFailUeCap,
pmRrcConnEstabAtt,
pmRrcConnEstabAttDta,
pmRrcConnEstabAttEm,
pmRrcConnEstabAttHpa,
pmRrcConnEstabAttMod,
pmRrcConnEstabAttMos,
pmRrcConnEstabAttMta,
pmRrcConnEstabAttReatt,
pmRrcConnEstabAttReattDta,
pmRrcConnEstabAttReattEm,
pmRrcConnEstabAttReattHpa,
pmRrcConnEstabAttReattMod,
pmRrcConnEstabAttReattMos,
pmRrcConnEstabAttReattMta,
pmRrcConnEstabFailBearerAdmissionRej,
pmRrcConnEstabFailCellIntensDLC,
pmRrcConnEstabFailCellIntensStat,
pmRrcConnEstabFailCellIntensSwC,
pmRrcConnEstabFailCellLatency,
pmRrcConnEstabFailDuIntens,
pmRrcConnEstabFailDuSwC,
pmRrcConnEstabFailDynUeAdmCtrl,
pmRrcConnEstabFailHighLoad,
pmRrcConnEstabFailHighLoadLong,
pmRrcConnEstabFailLic,
pmRrcConnEstabFailLicActiveUsers,
pmRrcConnEstabFailLowCovUeAdmCtrl,
pmRrcConnEstabFailLowCovUeLic,
pmRrcConnEstabFailMISigQCong,
pmRrcConnEstabFailMmeOvlMod,
pmRrcConnEstabFailMmeOvlMos,
pmRrcConnEstabFailMpOverload,
pmRrcConnEstabFailOverload,
pmRrcConnEstabLowCovUeAtt,
pmRrcConnEstabLowCovUeSucc,
pmRrcConnEstabSucc,
pmRrcConnEstabSuccDta,
pmRrcConnEstabSuccEm,
pmRrcConnEstabSuccGummeiNative,
pmRrcConnEstabSuccHpa,
pmRrcConnEstabSuccMod,
pmRrcConnEstabSuccMos,
pmRrcConnEstabSuccMta,
pmRrcConnLevSamp,
pmRrcConnLevSum,
pmRrcConnLevSumUlOutOfSync,
pmRrcConnMax,
pmRrcConnReconfAttNoMob,
pmRrcConnReconfAttNoMobDlComp,
pmRrcConnReconfAttNoMobEarfcnCa,
pmRrcConnReconfSuccNoMob,
pmRrcConnReconfSuccNoMobDlComp,
pmRrcConnReconfSuccNoMobEarfcnCa,
pmRrcConnReestAtt,
pmRrcConnReestAttHo,
pmRrcConnReestFailDynUeAdmCtrl,
pmRrcConnReestFailLicMtReest,
pmRrcConnReestFailMISigQCong,
pmRrcConnReestSucc,
pmRrcConnReestSuccHo,
pmRrcConnRelAbnormalEnb,
pmRrcConnRelAbnormalEnbAct,
pmRrcConnRelAbnormalEnbActTnFail,
pmRrcConnRelNormalEnb,
pmRrcConnRelNormalMme,
pmRrcConnTuneOutLevSamp,
pmRrcConnTuneOutLevSum,
pmS1SigConnEstabAtt,
pmS1SigConnEstabAttDta,
pmS1SigConnEstabAttEm,
pmS1SigConnEstabAttHpa,
pmS1SigConnEstabAttMod,
pmS1SigConnEstabAttMos,
pmS1SigConnEstabAttMta,
pmS1SigConnEstabFailMmeOvlMos,
pmS1SigConnEstabSucc,
pmS1SigConnEstabSuccDta,
pmS1SigConnEstabSuccEm,
pmS1SigConnEstabSuccHpa,
pmS1SigConnEstabSuccMod,
pmS1SigConnEstabSuccMos,
pmS1SigConnEstabSuccMta,
pmSchedActivityCellDl,
pmSchedActivityCellUl,
pmSchedActivityUeDl,
pmSchedActivityUeUl,
pmSchedActivityUlTTI,
pmSchedRestrictUeCatDl,
pmSchedRestrictUeCatUl,
pmServiceTimeDrb,
pmServiceTimeUe,
pmSessionTimeDrb,
pmSessionTimeUe,
pmTtiBundlingDisable,
pmTtiBundlingEnable,
pmTtiBundlingFailTO,
pmTtiBundlingUeMax,
pmTtiBundlingUeSamp,
pmTtiBundlingUeSum,
pmUeCtxtEstabAtt,
pmUeCtxtEstabAttCsfb,
pmUeCtxtEstabSucc,
pmUeCtxtFetchAtt,
pmUeCtxtFetchAttIntraEnbHoExe,
pmUeCtxtFetchAttIntraEnbHoPrep,
pmUeCtxtFetchAttNasTransferDl,
pmUeCtxtFetchAttNoNeighRel,
pmUeCtxtFetchAttReconf,
pmUeCtxtFetchAttS1HoExe,
pmUeCtxtFetchAttS1HoExeSrvccGeran,
pmUeCtxtFetchAttS1HoExeSrvccUtran,
pmUeCtxtFetchAttS1HoPrep,
pmUeCtxtFetchAttS1HoPrepSrvccGeran,
pmUeCtxtFetchAttS1HoPrepSrvccUtran,
pmUeCtxtFetchAttX2HoExe,
pmUeCtxtFetchAttX2HoPrep,
pmUeCtxtFetchSucc,
pmUeCtxtFetchSuccIntraEnbHoExe,
pmUeCtxtFetchSuccIntraEnbHoPrep,
pmUeCtxtFetchSuccNasTransferDl,
pmUeCtxtFetchSuccNoNeighRel,
pmUeCtxtFetchSuccReconf,
pmUeCtxtFetchSuccS1HoExe,
pmUeCtxtFetchSuccS1HoExeSrvccGeran,
pmUeCtxtFetchSuccS1HoExeSrvccUtran,
pmUeCtxtFetchSuccS1HoPrep,
pmUeCtxtFetchSuccS1HoPrepSrvccGeran,
pmUeCtxtFetchSuccS1HoPrepSrvccUtran,
pmUeCtxtFetchSuccX2HoExe,
pmUeCtxtFetchSuccX2HoPrep,
pmUeCtxtModAttCsfb,
pmUeCtxtRelAbnormalEnb,
pmUeCtxtRelAbnormalEnbAct,
pmUeCtxtRelAbnormalEnbActCdt,
pmUeCtxtRelAbnormalEnbActCdtAuto,
pmUeCtxtRelAbnormalEnbActCdtAutoPnr,
pmUeCtxtRelAbnormalEnbActHo,
pmUeCtxtRelAbnormalEnbActHoOos,
pmUeCtxtRelAbnormalEnbActHoOosPft,
pmUeCtxtRelAbnormalEnbActOos,
pmUeCtxtRelAbnormalEnbActOosPft,
pmUeCtxtRelAbnormalEnbActPe,
pmUeCtxtRelAbnormalEnbActTnFail,
pmUeCtxtRelAbnormalEnbActUeLost,
pmUeCtxtRelAbnormalEnbActUeLostOos,
pmUeCtxtRelAbnormalEnbActUeLostOosPft,
pmUeCtxtRelAbnormalEnbCdt,
pmUeCtxtRelAbnormalEnbCdtAuto,
pmUeCtxtRelAbnormalEnbCdtAutoPnr,
pmUeCtxtRelAbnormalEnbHo,
pmUeCtxtRelAbnormalEnbHoOos,
pmUeCtxtRelAbnormalEnbHoOosPft,
pmUeCtxtRelAbnormalEnbLic,
pmUeCtxtRelAbnormalEnbOos,
pmUeCtxtRelAbnormalEnbOosPft,
pmUeCtxtRelAbnormalEnbPe,
pmUeCtxtRelAbnormalEnbSir,
pmUeCtxtRelAbnormalEnbTuneOut,
pmUeCtxtRelAbnormalEnbUeLost,
pmUeCtxtRelAbnormalEnbUeLostOos,
pmUeCtxtRelAbnormalEnbUeLostOosPft,
pmUeCtxtRelAbnormalMme,
pmUeCtxtRelAbnormalMmeAct,
pmUeCtxtRelCsfbCdma1xRtt,
pmUeCtxtRelCsfbCdma1xRttEm,
pmUeCtxtRelCsfbGsm,
pmUeCtxtRelCsfbGsmEm,
pmUeCtxtRelCsfbHoPrepFail1xRtt,
pmUeCtxtRelCsfbHoPrepFail1xRttEm,
pmUeCtxtRelCsfbLimitedDualRadioUeCdma,
pmUeCtxtRelCsfbMeasTO1xRtt,
pmUeCtxtRelCsfbMeasTO1xRttEm,
pmUeCtxtRelCsfbTdScdma,
pmUeCtxtRelCsfbTdScdmaEm,
pmUeCtxtRelCsfbUlHoPrepTxTO1xRtt,
pmUeCtxtRelCsfbUlHoPrepTxTO1xRttEm,
pmUeCtxtRelCsfbWcdma,
pmUeCtxtRelCsfbWcdmaEm,
pmUeCtxtRelMme,
pmUeCtxtRelMmeAct,
pmUeCtxtRelMmeActHo,
pmUeCtxtRelMmeHo,
pmUeCtxtRelNaccCsfbGsm,
pmUeCtxtRelNaccCsfbGsmEm,
pmUeCtxtRelNaccCsfbWcdma,
pmUeCtxtRelNaccCsfbWcdmaEm,
pmUeCtxtRelNaccSCGsm,
pmUeCtxtRelNaccSCWcdma,
pmUeCtxtRelNormalEnb,
pmUeCtxtRelNormalEnbAct,
pmUeCtxtRelNormalEnbTuneOut,
pmUeCtxtRelSC1xRttUlSinr,
pmUeCtxtRelSCCdma,
pmUeCtxtRelSCCdmaA2Rsrp,
pmUeCtxtRelSCCdmaA2Rsrq,
pmUeCtxtRelSCCdmaB2Rsrp,
pmUeCtxtRelSCCdmaB2Rsrq,
pmUeCtxtRelSCCdmaUlSinr,
pmUeCtxtRelSCEUtra,
pmUeCtxtRelSCEUtraA2Rsrp,
pmUeCtxtRelSCEUtraA2Rsrq,
pmUeCtxtRelSCEUtraBestCellRsrp,
pmUeCtxtRelSCEUtraBestCellRsrq,
pmUeCtxtRelSCEutraUlSinr,
pmUeCtxtRelSCGsm,
pmUeCtxtRelSCGsmA2Rsrp,
pmUeCtxtRelSCGsmA2Rsrq,
pmUeCtxtRelSCGsmB2Rsrp,
pmUeCtxtRelSCGsmB2Rsrq,
pmUeCtxtRelSCGsmUlSinr,
pmUeCtxtRelSCTdScdma,
pmUeCtxtRelSCUtraUlSinr,
pmUeCtxtRelSCUtranA2Rsrp,
pmUeCtxtRelSCUtranA2Rsrq,
pmUeCtxtRelSCUtranB2Rsrp,
pmUeCtxtRelSCUtranB2Rsrq,
pmUeCtxtRelSCWcdma,
pmUeCtxtRelSrvccA2Critical1xRtt,
pmUeCtxtRelSrvccMeasTO1xRtt,
pmUeCtxtRetainArpHigh,
pmUeMeasAttCsfb1xRtt,
pmUeMeasAttCsfb1xRttEm,
pmUeThpTimeDl,
pmUeThpTimeDlCa,
pmUeThpTimeUl,
pmUeThpTimeUlCa,
pmUeThpTimeUlRs,
pmUeThpVolUl,
pmUeThpVolUlCa,
pmUlGrantsDetectedPuschNDO,
pmUlGrantsDetectedPuschVolteNDO,
pmUlGrantsTrans,
pmUlGrantsTransNDO,
pmUlGrantsTransNoAck,
pmUlGrantsTransPCell,
pmUlGrantsTransPCellNoAck,
pmUlGrantsTransVolte,
pmUlGrantsTransVolteNDO,
pmUlGrantsTransVolteNoAck,
pmUlGrantsWithDetectedPusch,
pmUlGrantsWithDetectedPuschPCell,
pmUlGrantsWithDetectedPuschVolte,
pmUnackedUeRelease,
pmVoipQualityRbUlLowSampl,
pmVoipQualityRbUlNok,
pmVoipQualityRbUlOk,
pmVoipQualityUeUlLowSampl,
pmVoipQualityUeUlNok,
pmVoipQualityUeUlOk,
pmWifiAccessAllowed,
pmWifiAccessDecisionByWic,
pmWifiAccessEval,
pmWifiAccessEvalFailLic,
pmWifiAccessRej,
